Draw Number,Number,Prize,Date
5304,4111,1,23/3/25
5304,4035,2,23/3/25
5304,4379,3,23/3/25
5304,188,4,23/3/25
5304,2497,4,23/3/25
5304,2540,4,23/3/25
5304,3417,4,23/3/25
5304,3499,4,23/3/25
5304,4630,4,23/3/25
5304,5310,4,23/3/25
5304,5792,4,23/3/25
5304,6843,4,23/3/25
5304,9644,4,23/3/25
5304,342,5,23/3/25
5304,695,5,23/3/25
5304,1197,5,23/3/25
5304,1597,5,23/3/25
5304,2372,5,23/3/25
5304,5131,5,23/3/25
5304,5455,5,23/3/25
5304,6645,5,23/3/25
5304,8785,5,23/3/25
5304,9518,5,23/3/25
5303,4720,1,22/3/25
5303,3674,2,22/3/25
5303,2512,3,22/3/25
5303,1386,4,22/3/25
5303,2672,4,22/3/25
5303,5821,4,22/3/25
5303,6284,4,22/3/25
5303,7053,4,22/3/25
5303,7162,4,22/3/25
5303,7273,4,22/3/25
5303,7940,4,22/3/25
5303,8831,4,22/3/25
5303,9858,4,22/3/25
5303,313,5,22/3/25
5303,2715,5,22/3/25
5303,3446,5,22/3/25
5303,3473,5,22/3/25
5303,3859,5,22/3/25
5303,5801,5,22/3/25
5303,6056,5,22/3/25
5303,6131,5,22/3/25
5303,6684,5,22/3/25
5303,8181,5,22/3/25
5302,9325,1,19/3/25
5302,7058,2,19/3/25
5302,4913,3,19/3/25
5302,1010,4,19/3/25
5302,2545,4,19/3/25
5302,3682,4,19/3/25
5302,5016,4,19/3/25
5302,5548,4,19/3/25
5302,6903,4,19/3/25
5302,6913,4,19/3/25
5302,7590,4,19/3/25
5302,7963,4,19/3/25
5302,9802,4,19/3/25
5302,485,5,19/3/25
5302,643,5,19/3/25
5302,1469,5,19/3/25
5302,2402,5,19/3/25
5302,3044,5,19/3/25
5302,3985,5,19/3/25
5302,7738,5,19/3/25
5302,8934,5,19/3/25
5302,9095,5,19/3/25
5302,9277,5,19/3/25
5301,9373,1,16/3/25
5301,187,2,16/3/25
5301,3916,3,16/3/25
5301,1054,4,16/3/25
5301,1186,4,16/3/25
5301,1350,4,16/3/25
5301,1368,4,16/3/25
5301,1849,4,16/3/25
5301,4784,4,16/3/25
5301,5676,4,16/3/25
5301,6666,4,16/3/25
5301,6924,4,16/3/25
5301,7986,4,16/3/25
5301,409,5,16/3/25
5301,556,5,16/3/25
5301,876,5,16/3/25
5301,1956,5,16/3/25
5301,2756,5,16/3/25
5301,2966,5,16/3/25
5301,5546,5,16/3/25
5301,6558,5,16/3/25
5301,6906,5,16/3/25
5301,8448,5,16/3/25
5300,5540,1,15/3/25
5300,8299,2,15/3/25
5300,4260,3,15/3/25
5300,988,4,15/3/25
5300,1900,4,15/3/25
5300,1932,4,15/3/25
5300,2886,4,15/3/25
5300,5847,4,15/3/25
5300,6316,4,15/3/25
5300,7320,4,15/3/25
5300,7326,4,15/3/25
5300,8778,4,15/3/25
5300,9014,4,15/3/25
5300,437,5,15/3/25
5300,1731,5,15/3/25
5300,3052,5,15/3/25
5300,3659,5,15/3/25
5300,6049,5,15/3/25
5300,7195,5,15/3/25
5300,8231,5,15/3/25
5300,8947,5,15/3/25
5300,9075,5,15/3/25
5300,9128,5,15/3/25
5299,6376,1,12/3/25
5299,3368,2,12/3/25
5299,8541,3,12/3/25
5299,156,4,12/3/25
5299,603,4,12/3/25
5299,2870,4,12/3/25
5299,3027,4,12/3/25
5299,3312,4,12/3/25
5299,4619,4,12/3/25
5299,5955,4,12/3/25
5299,6057,4,12/3/25
5299,8123,4,12/3/25
5299,8705,4,12/3/25
5299,797,5,12/3/25
5299,3162,5,12/3/25
5299,3356,5,12/3/25
5299,3801,5,12/3/25
5299,3972,5,12/3/25
5299,5214,5,12/3/25
5299,5978,5,12/3/25
5299,6562,5,12/3/25
5299,9718,5,12/3/25
5299,9980,5,12/3/25
5298,4657,1,9/3/25
5298,6399,2,9/3/25
5298,32,3,9/3/25
5298,313,4,9/3/25
5298,834,4,9/3/25
5298,3485,4,9/3/25
5298,4094,4,9/3/25
5298,5337,4,9/3/25
5298,6828,4,9/3/25
5298,7279,4,9/3/25
5298,8439,4,9/3/25
5298,9171,4,9/3/25
5298,9595,4,9/3/25
5298,564,5,9/3/25
5298,2069,5,9/3/25
5298,2295,5,9/3/25
5298,3144,5,9/3/25
5298,4532,5,9/3/25
5298,4587,5,9/3/25
5298,5228,5,9/3/25
5298,8376,5,9/3/25
5298,9251,5,9/3/25
5298,9256,5,9/3/25
5297,948,1,8/3/25
5297,7694,2,8/3/25
5297,662,3,8/3/25
5297,638,4,8/3/25
5297,5925,4,8/3/25
5297,6673,4,8/3/25
5297,7778,4,8/3/25
5297,9120,4,8/3/25
5297,1798,5,8/3/25
5297,2794,5,8/3/25
5297,6128,5,8/3/25
5297,7669,5,8/3/25
5297,8700,5,8/3/25
5297,478,4,8/3/25
5297,2196,4,8/3/25
5297,6309,4,8/3/25
5297,7146,4,8/3/25
5297,8460,4,8/3/25
5297,1202,5,8/3/25
5297,2153,5,8/3/25
5297,4186,5,8/3/25
5297,7260,5,8/3/25
5297,7864,5,8/3/25
5296,8680,1,5/3/25
5296,2387,2,5/3/25
5296,3277,3,5/3/25
5296,1521,4,5/3/25
5296,298,4,5/3/25
5296,2491,4,5/3/25
5296,4107,4,5/3/25
5296,5097,4,5/3/25
5296,5545,4,5/3/25
5296,6207,4,5/3/25
5296,6626,4,5/3/25
5296,7630,4,5/3/25
5296,9757,4,5/3/25
5296,505,5,5/3/25
5296,2523,5,5/3/25
5296,3480,5,5/3/25
5296,3488,5,5/3/25
5296,4234,5,5/3/25
5296,4973,5,5/3/25
5296,5192,5,5/3/25
5296,6261,5,5/3/25
5296,6251,5,5/3/25
5296,9704,5,5/3/25
5295,7538,1,2/3/25
5295,7890,2,2/3/25
5295,5247,3,2/3/25
5295,1651,4,2/3/25
5295,2910,4,2/3/25
5295,3136,4,2/3/25
5295,3405,4,2/3/25
5295,5117,4,2/3/25
5295,6802,4,2/3/25
5295,7011,4,2/3/25
5295,7316,4,2/3/25
5295,8198,4,2/3/25
5295,9084,4,2/3/25
5295,3645,5,2/3/25
5295,4843,5,2/3/25
5295,5468,5,2/3/25
5295,5707,5,2/3/25
5295,6244,5,2/3/25
5295,8047,5,2/3/25
5295,8425,5,2/3/25
5295,8993,5,2/3/25
5295,9223,5,2/3/25
5295,9923,5,2/3/25
5294,5946,1,1/3/25
5294,3571,2,1/3/25
5294,3194,3,1/3/25
5294,1118,4,1/3/25
5294,3344,4,1/3/25
5294,4617,4,1/3/25
5294,5558,4,1/3/25
5294,8773,4,1/3/25
5294,46,4,1/3/25
5294,3311,4,1/3/25
5294,4122,4,1/3/25
5294,4944,4,1/3/25
5294,6560,4,1/3/25
5294,745,4,1/3/25
5294,4859,5,1/3/25
5294,6911,5,1/3/25
5294,6944,5,1/3/25
5294,8328,5,1/3/25
5294,1950,5,1/3/25
5294,5560,5,1/3/25
5294,6915,5,1/3/25
5294,7582,5,1/3/25
5294,9287,5,1/3/25
5293,5404,1,26/2/25
5293,1956,2,26/2/25
5293,9746,3,26/2/25
5293,567,4,26/2/25
5293,1079,4,26/2/25
5293,1403,4,26/2/25
5293,2904,4,26/2/25
5293,3551,4,26/2/25
5293,4952,4,26/2/25
5293,5339,4,26/2/25
5293,5436,4,26/2/25
5293,6861,4,26/2/25
5293,9233,4,26/2/25
5293,58,5,26/2/25
5293,1859,5,26/2/25
5293,1874,5,26/2/25
5293,2718,5,26/2/25
5293,2941,5,26/2/25
5293,4797,5,26/2/25
5293,6372,5,26/2/25
5293,7649,5,26/2/25
5293,9380,5,26/2/25
5293,9873,5,26/2/25
5292,6666,1,23/2/25
5292,3874,2,23/2/25
5292,4593,3,23/2/25
5292,1081,4,23/2/25
5292,2238,4,23/2/25
5292,2607,4,23/2/25
5292,6260,4,23/2/25
5292,9773,4,23/2/25
5292,235,4,23/2/25
5292,1414,4,23/2/25
5292,2415,4,23/2/25
5292,3038,4,23/2/25
5292,7755,4,23/2/25
5292,0,5,23/2/25
5292,1399,5,23/2/25
5292,3855,5,23/2/25
5292,4042,5,23/2/25
5292,6465,5,23/2/25
5292,25,5,23/2/25
5292,3220,5,23/2/25
5292,3890,5,23/2/25
5292,5887,5,23/2/25
5292,8456,5,23/2/25
5291,7325,1,22/2/25
5291,8407,2,22/2/25
5291,3834,3,22/2/25
5291,2041,4,22/2/25
5291,5917,4,22/2/25
5291,6752,4,22/2/25
5291,8471,4,22/2/25
5291,9675,4,22/2/25
5291,3433,4,22/2/25
5291,6203,4,22/2/25
5291,7796,4,22/2/25
5291,9336,4,22/2/25
5291,9848,4,22/2/25
5291,458,5,22/2/25
5291,657,5,22/2/25
5291,528,5,22/2/25
5291,849,5,22/2/25
5291,2610,5,22/2/25
5291,6285,5,22/2/25
5291,6335,5,22/2/25
5291,9099,5,22/2/25
5291,9306,5,22/2/25
5291,9585,5,22/2/25